Index,Predicted_Train_Feature_1,Predicted_Train_Feature_2,Predicted_Train_Feature_3,Predicted_Train_Feature_4,Predicted_Train_Feature_5,Predicted_Train_Feature_6,Predicted_Train_Feature_7,Predicted_Train_Feature_8,Predicted_Train_Feature_9,Predicted_Train_Feature_10,Predicted_Train_Feature_11,Predicted_Train_Feature_12
0,0.03510701,0.0795129,0.085137315,0.14223145,0.04377801,0.07453864,0.07840872,0.1089861,0.03535365,0.07001467,0.08995987,0.12894809
1,-0.052530047,-0.0629509,-0.12204105,-0.1293539,-0.02443993,-0.04821975,-0.11202963,-0.14805536,-0.011698195,-0.032904398,-0.07821264,-0.107424706
2,-0.068304576,-0.08845685,-0.1590773,-0.17788059,-0.036814258,-0.07033786,-0.14617552,-0.19412655,-0.020298297,-0.05152494,-0.10852634,-0.1499724
3,0.093896136,0.17582464,0.22552715,0.32634777,0.08905719,0.15679982,0.20688772,0.2825157,0.0662283,0.13856441,0.20260093,0.28751498
4,0.023528181,0.060615223,0.057623375,0.10615359,0.03481516,0.05832967,0.05317447,0.07491591,0.029207628,0.056467418,0.06776067,0.09771776
5,-0.018688679,-0.008093524,-0.04232955,-0.024885068,0.0020081096,-0.00079319306,-0.03864202,-0.049022388,0.006617278,0.006944288,-0.013227572,-0.016147017
6,0.08312444,0.15813321,0.19971813,0.29249713,0.080788575,0.14173113,0.18330269,0.25065264,0.060612302,0.12603272,0.18196987,0.25846025
7,0.071873255,0.13967618,0.17280275,0.25719622,0.07213865,0.12598993,0.15868962,0.21740489,0.05472664,0.11292949,0.16041705,0.22811227
8,0.061634555,0.12289856,0.14834487,0.22512013,0.06425552,0.111663885,0.13630982,0.18717715,0.049353253,0.10099361,0.14080061,0.20049638
9,0.018652873,0.05266491,0.046050873,0.09098009,0.031036947,0.051504087,0.042555917,0.060580242,0.0266135,0.05075892,0.05841208,0.08456845
10,0.0111018075,0.04035869,0.02814142,0.06749883,0.025179887,0.040931508,0.026117044,0.038387783,0.022588078,0.04191217,0.04393052,0.064202785
11,0.062381316,0.124120705,0.15012565,0.22745603,0.06483111,0.11270906,0.13794066,0.18937948,0.04974584,0.10186499,0.14223145,0.20251153
12,-0.019621244,-0.009607728,-0.044530928,-0.027770566,0.001281082,-0.0020997678,-0.040666886,-0.051755037,0.0061150435,0.005847969,-0.015017484,-0.0186624
13,-0.07579377,-0.10055115,-0.17663342,-0.20088056,-0.042699765,-0.08084174,-0.16237263,-0.21597856,-0.024395373,-0.06037594,-0.122923516,-0.17017339
14,0.06942079,0.13565406,0.16693763,0.24950503,0.070251904,0.12255905,0.15332577,0.21015926,0.053441267,0.110072374,0.15571861,0.22149928
15,-0.0094970465,0.006839786,-0.020616777,0.003576954,0.00916851,0.0120829325,-0.018676952,-0.022076208,0.011560164,0.017744372,0.0044126264,0.008644407
16,0.043076597,0.0925337,0.1041007,0.16709872,0.04993833,0.08569354,0.0957905,0.13245662,0.03957138,0.0793302,0.10523645,0.15044369
17,0.0005095119,0.023113413,0.0030516498,0.03460503,0.01695267,0.02609833,0.003074162,0.0072826333,0.01692586,0.029490853,0.023612132,0.03563383
18,-0.01616567,-0.0039965357,-0.036373563,-0.017077701,0.003974746,0.00274153,-0.033163823,-0.04162896,0.007975519,0.009910086,-0.008385059,-0.00934147
19,0.05770367,0.11646076,0.13896164,0.21281514,0.061226312,0.10616368,0.12772132,0.17557736,0.047286,0.09640861,0.13326845,0.18989535
20,0.013711411,0.044610567,0.0343289,0.07561105,0.027204752,0.044585407,0.031797178,0.04605581,0.023980267,0.04497024,0.048935477,0.071240865
21,0.01929993,0.053719185,0.0475851,0.09299192,0.031538736,0.052410167,0.043964386,0.062481556,0.026958112,0.051517002,0.059652857,0.0863142
22,-0.037472535,-0.03856673,-0.08661908,-0.08293436,-0.012655245,-0.027113544,-0.079399705,-0.10402579,-0.0035260264,-0.015157116,-0.049290195,-0.066810556
23,0.012325156,0.04235087,0.03104005,0.071299426,0.026129466,0.04264469,0.028778912,0.041980896,0.023240969,0.043346256,0.046276793,0.067503
24,0.10002989,0.18590869,0.24024293,0.34564868,0.09375997,0.16537952,0.22032756,0.30067495,0.06941801,0.14569427,0.21434781,0.30405882
25,0.03937688,0.08648883,0.09529705,0.15555352,0.047079097,0.080514915,0.087721035,0.121560596,0.037614517,0.075006016,0.09814488,0.14046359
26,-0.03593492,-0.03607375,-0.08299628,-0.07818671,-0.011453598,-0.024958858,-0.0760648,-0.099525385,-0.0026936904,-0.013346716,-0.0463375,-0.062663995
27,-0.043303445,-0.048014216,-0.10034491,-0.10092247,-0.017215472,-0.03528586,-0.09203999,-0.12108282,-0.0066862516,-0.022026265,-0.06048867,-0.082537696
28,0.06958715,0.13592726,0.16733652,0.25002766,0.07037978,0.12279167,0.1536901,0.21065143,0.05352844,0.11026599,0.15603729,0.2219473
29,0.086635865,0.16389911,0.20812921,0.30352825,0.08348514,0.14664322,0.19098976,0.26103765,0.062444966,0.13011883,0.18869564,0.26793054
30,0.016333653,0.048884723,0.040549513,0.08376673,0.029238515,0.048256814,0.037506483,0.05376347,0.025378004,0.048042133,0.05396442,0.07831277
31,0.045122568,0.095879,0.10897422,0.17348923,0.051518466,0.08855687,0.100255385,0.13848594,0.040652443,0.08172018,0.10915789,0.15596128
32,0.043873083,0.093836516,0.105999075,0.1695877,0.050553367,0.08680809,0.097529195,0.13480464,0.039992247,0.08026039,0.106763065,0.15259105
33,0.031098433,0.07296832,0.07560779,0.12973537,0.04067671,0.06892734,0.069670424,0.09718774,0.033228315,0.06532622,0.0822752,0.11813586
34,0.011914113,0.041682426,0.030068038,0.070024505,0.025810158,0.04206883,0.02788544,0.040775042,0.02302149,0.042863984,0.04548844,0.06639322
35,-0.077738345,-0.10368935,-0.18118784,-0.20684713,-0.044229243,-0.083569504,-0.16657613,-0.22164953,-0.025460765,-0.062675476,-0.12666239,-0.17541912
36,0.08522115,0.16157481,0.20473792,0.29908106,0.08239914,0.1446645,0.18789154,0.25685167,0.061706934,0.1284732,0.18598594,0.26411623
37,-0.039875373,-0.04245981,-0.09227507,-0.090347074,-0.014534238,-0.030481352,-0.084608555,-0.11105458,-0.004827818,-0.01798771,-0.053904757,-0.073292166
38,-0.04365192,-0.048578843,-0.101165354,-0.10199753,-0.017488075,-0.0357742,-0.09279545,-0.12210227,-0.006875285,-0.022436818,-0.06115795,-0.08347729
39,-0.057895448,-0.07163185,-0.13464864,-0.14587359,-0.02864519,-0.05574164,-0.123649016,-0.16373353,-0.014618735,-0.039234057,-0.088521525,-0.12189546
40,-0.022767222,-0.014716583,-0.05195812,-0.037505385,-0.0011718377,-0.0065069185,-0.047497787,-0.060974542,0.004419865,0.0021495426,-0.021056246,-0.02714628
41,0.06450895,0.12760545,0.1552049,0.23411742,0.066470094,0.115686305,0.14258966,0.19565833,0.050863568,0.10434626,0.14630795,0.20825063
42,0.08989978,0.1692597,0.21594939,0.31378505,0.08599067,0.15120912,0.1981361,0.27069226,0.06414678,0.13391607,0.19494705,0.2767343
43,-0.06410929,-0.08167601,-0.14923209,-0.16498217,-0.033520866,-0.06445527,-0.13709699,-0.1818772,-0.01800744,-0.046570595,-0.100462966,-0.13865799
44,0.058571402,0.11788143,0.14103226,0.21553046,0.061895195,0.107377954,0.12961689,0.17813738,0.04774257,0.09742098,0.13493116,0.1922357
45,0.026536196,0.06552236,0.06476691,0.115520366,0.037145045,0.062540784,0.059727807,0.083763584,0.030806374,0.059988286,0.07352824,0.105830915
46,-0.06846802,-0.08871985,-0.1594587,-0.17838055,-0.03694297,-0.07056743,-0.14652824,-0.19460201,-0.02038779,-0.051718522,-0.10884056,-0.1504142
47,0.068804845,0.13464493,0.16546689,0.24757579,0.06977769,0.12169714,0.1519797,0.20834115,0.053118195,0.109354265,0.1545385,0.2198374
48,-0.02266539,-0.014549564,-0.051714472,-0.037186693,-0.0010929346,-0.0063647763,-0.0472752,-0.060673628,0.0044745095,0.002268478,-0.02086085,-0.026873283
49,-0.024739064,-0.017915849,-0.056607828,-0.04360039,-0.0027104658,-0.009270008,-0.05177667,-0.06674888,0.0033562854,-0.00017009048,-0.024841547,-0.0324658
50,0.06750118,0.1325088,0.16235311,0.24349183,0.06877403,0.11987296,0.14913028,0.20449258,0.052434247,0.107834496,0.15204084,0.21632063
51,-0.08954572,-0.12273394,-0.20882384,-0.24304795,-0.053524982,-0.10013435,-0.19208997,-0.25606912,-0.031942222,-0.07664652,-0.14936964,-0.20726895
52,-0.019107642,-0.008774756,-0.043320067,-0.026183242,0.0016817752,-0.0013798461,-0.039552346,-0.050251383,0.006391788,0.0064521884,-0.014031746,-0.017276272
53,0.04909784,0.102378935,0.11844333,0.18590687,0.054587808,0.09412057,0.108930774,0.15020089,0.04275119,0.086363345,0.11677665,0.16668375
54,0.038477574,0.08501906,0.0931563,0.15274653,0.046384055,0.07925638,0.08575932,0.11891146,0.037138574,0.073955044,0.096421026,0.1380386
55,0.039799787,0.087179415,0.09630269,0.15687242,0.047406066,0.08110703,0.08864316,0.122805536,0.037838314,0.0755005,0.09895554,0.14160478
56,-0.03881294,-0.04073827,-0.089773774,-0.08706906,-0.013703433,-0.028992267,-0.082305156,-0.1079464,-0.00425216,-0.016736181,-0.051864356,-0.070426494
57,0.11674881,0.21342637,0.2804151,0.3983397,0.10655914,0.18876421,0.25699273,0.35022053,0.07808238,0.16510873,0.24636234,0.34915596
58,0.04309566,0.09256647,0.10414951,0.16716191,0.049952604,0.08571982,0.09583367,0.13251527,0.039581258,0.079351716,0.105272956,0.15049346
59,-0.13594475,-0.19735791,-0.31703514,-0.3847403,-0.09021718,-0.16527465,-0.29214704,-0.39103615,-0.057626814,-0.13170806,-0.23869257,-0.33243147
60,0.009335247,0.037479885,0.023952136,0.06200671,0.023809027,0.0384583,0.022271717,0.03319625,0.021645155,0.03984207,0.040542178,0.059439387
61,-0.013675156,4.945384e-05,-0.03049066,-0.009366284,0.005915078,0.0062305066,-0.027754247,-0.034328077,0.009315077,0.012836599,-0.0036053031,-0.00262409
62,-0.02469612,-0.017846484,-0.056507267,-0.043468397,-0.0026768732,-0.009209721,-0.051683806,-0.066623606,0.0033794679,-0.00011942746,-0.02475907,-0.03234955
63,-0.03582283,-0.03589335,-0.08273475,-0.07784351,-0.011365611,-0.024801327,-0.07582284,-0.0991993,-0.0026328731,-0.013214129,-0.0461222,-0.06236034
64,-0.023541354,-0.015972793,-0.053784028,-0.039898794,-0.0017758089,-0.00759163,-0.04917787,-0.06324182,0.004002383,0.0012389792,-0.022542283,-0.029234521
65,-0.0028442743,0.017656613,-0.0048857406,0.024199469,0.014345204,0.021401463,-0.004218213,-0.0025609545,0.015129358,0.025555506,0.01717778,0.02658875
66,0.071890675,0.13970383,0.17284252,0.25724885,0.07215227,0.12601455,0.15872687,0.21745491,0.05473585,0.112950206,0.16045037,0.22816022
67,0.01874005,0.052807003,0.046257794,0.09125135,0.031104501,0.051626123,0.04274576,0.060836524,0.026659884,0.050860975,0.058579154,0.08480352
68,-0.076695785,-0.10200644,-0.1787452,-0.20364732,-0.043409355,-0.08210721,-0.16432211,-0.21860847,-0.024889588,-0.061442804,-0.12465788,-0.17260718
69,-0.006932739,0.0110074775,-0.014556255,0.011522059,0.011164712,0.015675142,-0.013105262,-0.014556456,0.012936883,0.020756148,0.009333213,0.015561731
70,0.030121276,0.07137227,0.07328344,0.12668791,0.039920725,0.067559734,0.06753974,0.094310634,0.032709956,0.064183526,0.08040176,0.115501225
71,-0.07303826,-0.096101694,-0.17017463,-0.19241947,-0.04053375,-0.07697702,-0.15641363,-0.20793903,-0.022887021,-0.057118934,-0.11762602,-0.16274138
72,-0.0603105,-0.07553731,-0.1403198,-0.15330432,-0.030539291,-0.05912778,-0.12887718,-0.17078766,-0.015934875,-0.04208444,-0.09316231,-0.12840943
73,0.1030924,0.1909449,0.24759288,0.3552895,0.0961068,0.16966347,0.22703946,0.30974367,0.07100844,0.14925312,0.22021247,0.31232032
74,0.011361612,0.040782597,0.028758772,0.068307824,0.025381278,0.041295085,0.02668313,0.039152157,0.0227266,0.04221629,0.044428706,0.06490277
75,-0.018385934,-0.007601801,-0.04161454,-0.023947956,0.0022440942,-0.0003690948,-0.037984528,-0.04813503,0.006780302,0.007300127,-0.012646512,-0.015330634
76,-0.013265586,0.0007151446,-0.029522568,-0.008097376,0.006234053,0.00680414,-0.026864372,-0.033126947,0.009535296,0.0133177005,-0.002819319,-0.0015197723
77,0.019296972,0.053714238,0.047578048,0.09298264,0.03153645,0.0524061,0.043957993,0.062472723,0.026956514,0.051513564,0.059647113,0.0863063
78,0.0763275,0.14698051,0.18345338,0.27116477,0.0755647,0.13222195,0.16843118,0.23056339,0.057059128,0.11811861,0.16894998,0.24012664
79,0.003923801,0.028671041,0.011137139,0.045204658,0.019605717,0.030879667,0.0105006825,0.017307408,0.018752817,0.033495657,0.030161992,0.04484172
80,8.2331484e-05,0.022418572,0.0020412393,0.033280205,0.016620534,0.025500068,0.002145637,0.0060292073,0.016697086,0.028989533,0.022792587,0.034481466
81,0.095828295,0.17900108,0.23016255,0.33242714,0.09053888,0.15950236,0.21112119,0.28823578,0.06723367,0.1408105,0.20630139,0.29272565
82,0.03347977,0.076856695,0.0812699,0.13715969,0.04251906,0.07226062,0.074861936,0.10419745,0.03449109,0.068111286,0.08684046,0.12455825
83,0.015875837,0.04813817,0.03946288,0.08234215,0.028883584,0.047615945,0.03650946,0.052417334,0.025134102,0.047506,0.053086467,0.077078365
84,0.06518665,0.12871675,0.15682542,0.23624216,0.06699178,0.11663433,0.14407171,0.19766033,0.05121937,0.10513602,0.14760646,0.2100775
85,-0.07791793,-0.10397852,-0.18160722,-0.20739672,-0.044370733,-0.08382164,-0.16696379,-0.2221722,-0.025559302,-0.06288817,-0.12700772,-0.17590412
86,0.023544291,0.06064009,0.057658836,0.106200725,0.034828067,0.058352668,0.053208336,0.074961156,0.029216405,0.056486968,0.0677916,0.09776264
87,0.0017161951,0.025076944,0.00590802,0.03834971,0.017890587,0.02778836,0.0056983107,0.010824643,0.0175718,0.030906595,0.025927076,0.038888603
88,-0.093206786,-0.12863582,-0.21738724,-0.2542637,-0.056410205,-0.105271004,-0.19999792,-0.2667373,-0.033956174,-0.080981135,-0.15641202,-0.21714321
89,-0.015687875,-0.0032213398,-0.035246834,-0.015600416,0.0043473225,0.0034112292,-0.03212682,-0.04022981,0.008232696,0.010472018,-0.0074680303,-0.008051819
90,0.005481832,0.031205706,0.014823699,0.050038613,0.020816535,0.033062015,0.013888257,0.0218797,0.019586157,0.03532369,0.033150747,0.049045634
91,0.07345453,0.14226803,0.17658128,0.26215228,0.07335535,0.12820256,0.16214673,0.22207436,0.0555551,0.114772245,0.16344632,0.2323783
92,0.0502485,0.1042619,0.1211869,0.18950447,0.055475645,0.09573058,0.11144308,0.15359403,0.0433581,0.08770654,0.11898188,0.16978635
93,-0.044630434,-0.05016247,-0.10346547,-0.105012126,-0.018254159,-0.037146155,-0.09491514,-0.1249621,-0.0074063838,-0.023590552,-0.063037485,-0.086117685
94,-0.024614923,-0.01771484,-0.05631599,-0.043217655,-0.0026134548,-0.00909594,-0.05150772,-0.06638599,0.0034233294,-2.3838375e-05,-0.024603177,-0.03213051
95,0.06196007,0.12343059,0.14911991,0.226137,0.0645066,0.1121197,0.13702019,0.18813612,0.049524475,0.10137375,0.14142425,0.20137544
96,-0.11260592,-0.15986522,-0.2626829,-0.31358242,-0.07172796,-0.1324992,-0.24185914,-0.3232057,-0.044664547,-0.10397957,-0.19374406,-0.26947278
97,-0.0017719639,0.019400338,-0.0023496374,0.027524358,0.015179265,0.02290348,-0.0018874031,0.0005849339,0.015704077,0.026814261,0.019235102,0.029481435
98,0.009708858,0.03808922,0.024839096,0.06316924,0.0240988,0.038981166,0.023085348,0.03429495,0.021844521,0.04027962,0.041258737,0.060446236
99,0.007981308,0.03527608,0.020746175,0.057802975,0.022757472,0.036561962,0.019326659,0.029221121,0.02092183,0.03825419,0.037945136,0.055786394
100,0.014153456,0.045330722,0.035377007,0.07698522,0.027547715,0.045204457,0.032759424,0.04735463,0.02421597,0.04548825,0.049783207,0.072433285
101,-0.02011886,-0.010415713,-0.045705177,-0.02930996,0.0008930672,-0.0027969019,-0.041747086,-0.05321307,0.0058469493,0.005262891,-0.015972756,-0.020004667
102,-0.013954586,-0.0004043424,-0.031150274,-0.01023108,0.0056973496,0.0058389897,-0.028361,-0.03514694,0.009164816,0.012508179,-0.0041416143,-0.003378059
103,0.028675359,0.06901251,0.06984793,0.12218296,0.03880146,0.06553563,0.06438876,0.090056285,0.03194246,0.062491763,0.07762961,0.111601196
104,0.06835096,0.13390185,0.16438408,0.24615526,0.069428094,0.121061854,0.15098822,0.20700225,0.052880015,0.10882484,0.15366895,0.21861236
105,0.0060350792,0.03210793,0.016137147,0.051759947,0.021245832,0.03383634,0.015093183,0.023506645,0.019881722,0.03597178,0.034211986,0.050536353
106,0.040002562,0.08751044,0.09678462,0.1575046,0.04756289,0.081390925,0.08908516,0.1234023,0.037945665,0.07573767,0.09934426,0.14215203
107,0.046076432,0.09743855,0.11124606,0.17646846,0.052255064,0.08989187,0.10233689,0.14129679,0.04115624,0.08283439,0.11098608,0.158534
108,0.05405279,0.11048611,0.13025582,0.20139757,0.058410794,0.10105452,0.11974898,0.1648108,0.04536352,0.09214771,0.12627244,0.18004732
109,0.016199926,0.048666473,0.040231727,0.08335022,0.029134914,0.048069682,0.0372151,0.053369995,0.025306806,0.047885645,0.05370799,0.0779524
110,-0.007057688,0.010805544,-0.014849395,0.011137349,0.011067121,0.015499776,-0.013375755,-0.014921155,0.012869652,0.020608876,0.009093457,0.015223627
111,-0.045268897,-0.0511972,-0.10496889,-0.106982075,-0.018753579,-0.038040806,-0.096299335,-0.12683018,-0.0077527585,-0.024342677,-0.06426379,-0.08783902
112,0.060062412,0.12032261,0.14458989,0.2201962,0.06304441,0.10946441,0.1328739,0.1825361,0.048526835,0.09916046,0.13778818,0.19625743
113,-0.069302894,-0.090068586,-0.16141677,-0.18094587,-0.037598744,-0.07173827,-0.14833431,-0.19703868,-0.02084411,-0.052704874,-0.11044534,-0.15266606
114,-0.027220823,-0.021943718,-0.062462762,-0.051274117,-0.004646957,-0.012747101,-0.05716329,-0.074018545,0.002017079,-0.0030891655,-0.029605865,-0.039158724
115,-0.016804384,-0.005034353,-0.037882492,-0.019055502,0.003477095,0.0018469016,-0.034551144,-0.043501582,0.007631818,0.009159578,-0.009610948,-0.011063821
116,0.050722238,0.10503571,0.12231367,0.19098273,0.055841528,0.0963939,0.11247627,0.1549889,0.04360808,0.08826019,0.11988978,0.17106533
117,-0.010403163,0.0053670187,-0.022758372,0.00076956034,0.00846305,0.010813705,-0.020645682,-0.024733458,0.01107347,0.016680114,0.0026738115,0.0062004635
118,-0.008721455,0.008100023,-0.018784337,0.005979267,0.009772403,0.013169508,-0.016992018,-0.019802291,0.011976685,0.018655468,0.0059009264,0.010736805
119,0.027046658,0.066354446,0.06597776,0.11710848,0.037540555,0.06325563,0.060839277,0.08526398,0.031077627,0.060586065,0.074506976,0.1072086
120,-0.04649328,-0.05317963,-0.1078486,-0.11075587,-0.019712029,-0.039757174,-0.09895235,-0.13040994,-0.008417472,-0.025786,-0.066615686,-0.091141745
121,-0.0005265407,0.021427032,0.0005984864,0.03138909,0.016147455,0.024647562,0.000820868,0.0042408146,0.016371153,0.028275505,0.021624483,0.03284004
122,-0.03317308,-0.0315974,-0.07649217,-0.06966203,-0.009295162,-0.021088058,-0.07007607,-0.09144417,-0.0011992698,-0.010094457,-0.04103414,-0.055213653
123,0.07516076,0.14506592,0.18066083,0.26750287,0.07466773,0.13058981,0.16587819,0.2271146,0.056448553,0.11676003,0.1667149,0.23698068
124,0.0013959368,0.024556398,0.0051511265,0.03735714,0.017641494,0.027339615,0.005002365,0.00988546,0.017400302,0.03053057,0.025312643,0.038024094
125,0.07788908,0.1495421,0.18718871,0.27606392,0.076765336,0.13440672,0.1718471,0.23517773,0.057876136,0.11993734,0.17194144,0.2443388
126,-0.05926719,-0.07384833,-0.13786638,-0.15009034,-0.029721562,-0.05766559,-0.12661703,-0.16773753,-0.015366487,-0.04085389,-0.091157556,-0.12559718
127,0.04659414,0.09828429,0.112477764,0.17808396,0.052655037,0.09061662,0.10346603,0.14282124,0.041429736,0.083439454,0.111978255,0.15993102
128,0.025906311,0.06449451,0.06327052,0.11355831,0.036657292,0.06165904,0.058355283,0.081910424,0.030471724,0.059251167,0.07232052,0.104132146
129,0.0130418455,0.043519612,0.032741424,0.07352964,0.026685249,0.043647926,0.030339852,0.044088393,0.023623131,0.044185624,0.04765129,0.06943496
130,0.05905028,0.11866601,0.14217594,0.21703006,0.062264163,0.108047925,0.13066342,0.17955095,0.047994424,0.09797942,0.1358488,0.19352683
131,0.07897532,0.15132469,0.18978854,0.2794735,0.07760021,0.1359263,0.174224,0.23838864,0.058444146,0.12120206,0.17402226,0.24726824
132,-0.0010103004,0.020641588,-0.0005432592,0.029891716,0.015770879,0.023969568,-0.0002295707,0.002823431,0.016111821,0.0277071,0.020696383,0.031533755
133,0.15742372,0.28057516,0.37854406,0.527051,0.1375806,0.24564748,0.3463973,0.4710757,0.09898011,0.21221887,0.3242307,0.4588783
134,0.010264751,0.038996913,0.026160905,0.06490139,0.024529692,0.039758895,0.024297012,0.035931338,0.02214104,0.040930223,0.042324983,0.061943382
135,-0.06263198,-0.07928884,-0.14576647,-0.16044119,-0.03236117,-0.06238344,-0.13390054,-0.17756476,-0.017201144,-0.0448258,-0.09762364,-0.13467251
136,0.079714276,0.15253597,0.19155431,0.28179008,0.07816847,0.13696045,0.17583968,0.24057084,0.058830615,0.122063056,0.17543775,0.24926272
137,-0.028057527,-0.023299895,-0.064433366,-0.053857353,-0.0053004604,-0.013919915,-0.05897782,-0.076466806,0.0015651284,-0.0040741893,-0.031212226,-0.041416623
138,-0.080377,-0.107948296,-0.18736936,-0.21494454,-0.046304807,-0.08727062,-0.17228067,-0.22934562,-0.026907094,-0.06579573,-0.131736,-0.18253578
139,-0.008509108,0.00844412,-0.018284522,0.0066349404,0.009938038,0.013467293,-0.016531572,-0.019181129,0.0120908655,0.018905375,0.006308464,0.011310642
140,-0.04628578,-0.0528446,-0.10736242,-0.11011838,-0.019549299,-0.039465982,-0.09850359,-0.1298047,-0.008304676,-0.025540946,-0.066217035,-0.09058109
141,0.04723848,0.099337414,0.11401153,0.18009563,0.053152632,0.0915185,0.10487165,0.14471939,0.041769948,0.08419223,0.11321317,0.16166951
142,0.06760718,0.1326827,0.16260646,0.24382414,0.068855576,0.12002117,0.14936197,0.20480572,0.05248982,0.10795797,0.15224397,0.21660645
143,-0.07393122,-0.09754328,-0.17226718,-0.1951608,-0.041235752,-0.078229606,-0.15834454,-0.21054387,-0.023375776,-0.05817456,-0.11934272,-0.16515025
144,-0.036441166,-0.036896035,-0.08419196,-0.07975311,-0.011848736,-0.0256678,-0.07716412,-0.10100936,-0.0029674582,-0.013942043,-0.047309548,-0.064027816
145,0.021900821,0.05795942,0.053756565,0.10108419,0.03355475,0.0560518,0.04962817,0.07012766,0.028342359,0.054562967,0.06464025,0.09333004
146,-0.062126894,-0.078473076,-0.14458229,-0.15888944,-0.03196463,-0.061674993,-0.13280801,-0.17609096,-0.016925538,-0.04422916,-0.09665299,-0.13330954
147,0.021576058,0.05742962,0.052985296,0.10007298,0.03330312,0.05559717,0.048920643,0.06917242,0.028169587,0.05418278,0.06401749,0.092454284
148,0.10154901,0.18840688,0.24388881,0.35043076,0.094924144,0.16750444,0.22365683,0.3051734,0.07020708,0.1474596,0.21725693,0.30815655
149,0.059939913,0.12012336,0.14430009,0.21981554,0.06294966,0.10929258,0.13260736,0.18217665,0.048462275,0.099016935,0.13755347,0.19592562
150,0.024961995,0.062954254,0.061028272,0.11061816,0.035925843,0.060336906,0.056298066,0.07913321,0.02996989,0.058145765,0.07050995,0.10158481
151,-0.03642612,-0.036870137,-0.08415353,-0.07970335,-0.011837447,-0.025647203,-0.07713014,-0.10096306,-0.0029595383,-0.01392505,-0.047280744,-0.06398873
152,-0.0036314384,0.016376548,-0.006747298,0.021758838,0.013732931,0.020298874,-0.005929153,-0.004870262,0.014707435,0.024631482,0.015667489,0.024465278
153,-0.051807057,-0.06178152,-0.120342866,-0.1271285,-0.023873292,-0.047206003,-0.1104642,-0.14594334,-0.011304881,-0.03205139,-0.07682361,-0.105474085
154,0.05698098,0.11527727,0.1372368,0.21055329,0.06066921,0.10515253,0.12614249,0.17344491,0.046905626,0.095565535,0.13188356,0.18794657
155,0.047034394,0.09900469,0.113527395,0.17946027,0.052994817,0.09123264,0.10442721,0.14411949,0.041662093,0.08395344,0.11282208,0.16111808
156,0.061858896,0.12326551,0.14887954,0.22582151,0.06442847,0.11197795,0.13679962,0.1878385,0.049471203,0.101255454,0.14123042,0.20110196
157,0.03542339,0.080030315,0.08589105,0.14321956,0.044022534,0.0749813,0.079099126,0.10991857,0.035521206,0.07038432,0.09056644,0.12980084
158,-0.03567895,-0.035658985,-0.082393706,-0.07739691,-0.011253492,-0.024600068,-0.07550985,-0.09877656,-0.002555132,-0.013045221,-0.04584594,-0.0619734
159,0.033857763,0.07747251,0.0821659,0.13833523,0.042811856,0.07279011,0.07568475,0.105307996,0.034691647,0.068554,0.08756507,0.1255791
160,0.023994202,0.061374836,0.05872879,0.10760332,0.03517636,0.05898227,0.054189164,0.07628569,0.029455494,0.05701324,0.068654284,0.09897528
161,0.046586223,0.09827188,0.11245984,0.17806031,0.05264877,0.090605386,0.10344916,0.14279874,0.04142547,0.083429955,0.111963116,0.1599092
162,-0.010687987,0.004904349,-0.023431018,-0.00011231273,0.00824124,0.010414676,-0.021264274,-0.02556834,0.010920461,0.01634548,0.0021272667,0.0054320144
163,0.0038345242,0.028524656,0.010923542,0.04492513,0.019536687,0.030754948,0.010305496,0.017043632,0.018705238,0.033391465,0.02999079,0.044601988
164,0.061644994,0.12291487,0.14836842,0.22515127,0.064263746,0.11167871,0.13633202,0.1872068,0.04935882,0.10100611,0.14082053,0.20052527
165,-0.0187858,-0.0082507795,-0.042557873,-0.025184581,0.0019322698,-0.00092941575,-0.03885249,-0.0493063,0.0065649226,0.006829905,-0.013414015,-0.016409457
166,-0.057036143,-0.070241235,-0.13262881,-0.14322728,-0.027971653,-0.054537114,-0.121787846,-0.16122207,-0.014150764,-0.03822038,-0.08687044,-0.11957848
167,0.02323287,0.060132112,0.056919385,0.10523115,0.0345868,0.057916675,0.052529924,0.07404522,0.029050812,0.05612239,0.06719444,0.09692265
168,-0.01756224,-0.006264522,-0.039670587,-0.021399627,0.0028862387,0.00078500196,-0.036196247,-0.045721676,0.007223796,0.008268511,-0.011065544,-0.013108543
169,-0.05288543,-0.06352654,-0.122877315,-0.13044955,-0.024718221,-0.0487178,-0.11279981,-0.1490948,-0.011891432,-0.033323333,-0.07889541,-0.10838276
170,0.078770794,0.15098803,0.18929705,0.2788294,0.077443235,0.13564044,0.17377558,0.23778251,0.058337282,0.12096436,0.17363036,0.24671765
171,-0.018954605,-0.008524819,-0.042956173,-0.025706725,0.0018006385,-0.0011659269,-0.039218925,-0.04980084,0.006473992,0.006631417,-0.013738052,-0.016864859
172,-0.008922643,0.007773262,-0.019259185,0.0053565996,0.009615716,0.012887628,-0.017428841,-0.020391833,0.011868633,0.018419057,0.00551483,0.010193822
173,0.0041606836,0.029055543,0.011696007,0.045937773,0.019790074,0.03121172,0.011015002,0.018001292,0.018879663,0.033773996,0.030616418,0.04548166
174,0.05726251,0.11573887,0.13791,0.2114357,0.060886074,0.105546296,0.12675813,0.17427655,0.04705373,0.0958937,0.13242306,0.18870515
175,0.07779524,0.14938845,0.18696481,0.27577013,0.07669309,0.13427535,0.17164211,0.23490089,0.057826977,0.1198279,0.17176166,0.24408537
176,0.14638792,0.26232925,0.35186636,0.49205852,0.12917985,0.2302147,0.3221126,0.43824238,0.09333542,0.19945353,0.3031057,0.42910656
177,0.05840713,0.11761484,0.14064498,0.21502148,0.061767984,0.10714744,0.12926018,0.17765631,0.047655914,0.09722828,0.1346165,0.1917902
178,-0.029416703,-0.02550345,-0.06763507,-0.058054294,-0.0063619497,-0.015824812,-0.061925516,-0.08044457,0.00083088124,-0.005674112,-0.033821784,-0.045083903
179,-0.13026392,-0.18824024,-0.30382028,-0.3674416,-0.08571043,-0.15729481,-0.27991432,-0.37453684,-0.054463644,-0.12495252,-0.22774811,-0.3171063
180,-0.21122958,-0.3177321,-0.49135092,-0.61277777,-0.15031533,-0.2711444,-0.4538297,-0.60910183,-0.10002358,-0.22159748,-0.38397184,-0.5355396
181,-0.06468968,-0.082617894,-0.15060098,-0.16677463,-0.033975184,-0.06526773,-0.13835594,-0.18357736,-0.018323636,-0.047254145,-0.10157823,-0.14021987
182,-0.031444725,-0.028795972,-0.07242157,-0.06432659,-0.007944747,-0.018665565,-0.06632799,-0.08638675,-0.00026467635,-0.00805943,-0.03771554,-0.050550617
183,-0.107384264,-0.15146679,-0.25050443,-0.2976347,-0.06759987,-0.12516828,-0.23059833,-0.3080165,-0.04177608,-0.097783916,-0.18369275,-0.25538555
184,-0.014460457,-0.0012277582,-0.032348365,-0.011800918,0.0053036963,0.005130825,-0.029461198,-0.036632318,0.00889294,0.011914483,-0.005112414,-0.004740867
185,0.08336422,0.15852657,0.20029183,0.29324958,0.08097276,0.1420666,0.18382727,0.25136122,0.06073745,0.12631185,0.182429,0.25910723
186,-0.14158373,-0.20640388,-0.3301444,-0.4018993,-0.09469447,-0.17319673,-0.30428526,-0.4074081,-0.06077165,-0.13841748,-0.24955888,-0.34764367
187,-0.27506164,-0.41915143,-0.63802624,-0.80441606,-0.20182373,-0.36110196,-0.59032,-0.793195,-0.13665842,-0.29834577,-0.50753325,-0.7077831
188,-0.16461669,-0.24330688,-0.38360825,-0.47186312,-0.113021135,-0.20556594,-0.3538209,-0.47422093,-0.07366807,-0.16585983,-0.29396746,-0.40977654
189,-0.18332253,-0.27321374,-0.42691594,-0.5285177,-0.12795456,-0.23187132,-0.39399177,-0.5283996,-0.08420374,-0.18819556,-0.33006454,-0.46024263
190,-0.04676804,-0.053628504,-0.10850252,-0.1116114,-0.019925931,-0.040140983,-0.099551186,-0.13121924,-0.008566152,-0.026108066,-0.06714328,-0.09187892
191,-0.06375791,-0.08111164,-0.14841443,-0.16390967,-0.03324399,-0.06396137,-0.13633975,-0.18085665,-0.017815197,-0.046154037,-0.09978745,-0.1377068
192,0.03560161,0.08031916,0.08631039,0.14377049,0.04416089,0.07523136,0.079485655,0.11043988,0.035615798,0.070593655,0.09090798,0.13028379
193,0.15178584,0.27125058,0.3649086,0.5091663,0.1332904,0.2377634,0.33398756,0.454297,0.09609864,0.2056991,0.3134385,0.4436693
194,0.081739314,0.15586132,0.19640529,0.28815126,0.079724036,0.13979286,0.18027267,0.24656002,0.05988865,0.12441965,0.17931671,0.25472245
195,-0.015057364,-0.0021946721,-0.033753045,-0.013643208,0.0048378613,0.004293676,-0.030755393,-0.03837795,0.008571571,0.011211804,-0.006258026,-0.006353683
196,0.09503144,0.1776912,0.22825092,0.32991996,0.08992787,0.15838772,0.20937523,0.28587687,0.06681916,0.13988417,0.20477536,0.29057652
197,-0.04672821,-0.05355946,-0.10840024,-0.1114789,-0.019896094,-0.04008669,-0.099461034,-0.13109604,-0.008545092,-0.026063172,-0.06706693,-0.09177591
198,0.0026745985,0.026636044,0.008175548,0.0413228,0.018635638,0.02913071,0.0077819456,0.013637118,0.018084843,0.032031257,0.027765732,0.041474167
199,0.18733537,0.33013475,0.45106086,0.62216634,0.160292,0.28747568,0.41232648,0.56023717,0.11418626,0.24675627,0.38148433,0.5395766
200,0.13651954,0.24603148,0.32804635,0.46081412,0.121657714,0.21641389,0.30041504,0.4089109,0.08827201,0.18802796,0.2842144,0.40248457
201,-0.028662916,-0.024279699,-0.06585605,-0.055722993,-0.005773752,-0.014768946,-0.060289226,-0.07823598,0.0012379008,-0.0047876122,-0.03237465,-0.04305186
202,-0.16099629,-0.23750782,-0.37520725,-0.46087173,-0.1101375,-0.20047817,-0.34603655,-0.46372038,-0.071636036,-0.16154397,-0.28698483,-0.40001357
203,-0.10473016,-0.14719598,-0.24431051,-0.2895235,-0.06550289,-0.12144252,-0.22487262,-0.3002933,-0.04030947,-0.09463604,-0.17858449,-0.24822563
204,0.056827758,0.115025625,0.13686974,0.21007225,0.060551282,0.1049384,0.12580718,0.17299175,0.046825033,0.09538713,0.13158993,0.18753421
205,-0.05975825,-0.07464332,-0.13902125,-0.15160315,-0.030106455,-0.058353756,-0.12768085,-0.16917323,-0.01563405,-0.041433077,-0.092101164,-0.12692071
206,-0.1599277,-0.23579878,-0.37273234,-0.457633,-0.109285675,-0.19897546,-0.34374112,-0.46062493,-0.071036234,-0.160269,-0.28492376,-0.3971292
207,-0.13953127,-0.20311522,-0.32538003,-0.3956626,-0.09306317,-0.17031182,-0.29987046,-0.4014547,-0.059625816,-0.1359733,-0.2456031,-0.34210372
208,0.015842615,0.04808112,0.039378464,0.08223266,0.028858572,0.047570277,0.036434606,0.052315287,0.025116682,0.04746835,0.05302267,0.076991595
209,-0.029951312,-0.026372947,-0.06889985,-0.059711184,-0.0067787813,-0.016573207,-0.06308747,-0.0820133,0.00054225133,-0.006302252,-0.03484822,-0.04652354
210,0.013680688,0.04455938,0.034253906,0.07551317,0.027181175,0.044542793,0.03172939,0.045963846,0.02396392,0.04493471,0.0488765,0.071159266
211,-0.15294144,-0.22461042,-0.35652477,-0.4364243,-0.103723586,-0.18915594,-0.3287207,-0.44036615,-0.06712068,-0.1519419,-0.27145198,-0.37828204
212,-0.14437473,-0.21088305,-0.33663645,-0.41039553,-0.09691057,-0.17711677,-0.31029448,-0.41551432,-0.062329344,-0.14173783,-0.2549374,-0.35516953
213,-0.0923933,-0.12732737,-0.21548997,-0.25177804,-0.055768054,-0.104128666,-0.19824332,-0.26437122,-0.033508036,-0.08001653,-0.15484689,-0.21494669
214,-0.21666601,-0.32639253,-0.5038824,-0.6291599,-0.15468222,-0.27879858,-0.4654754,-0.62480843,-0.10311928,-0.22811477,-0.39448094,-0.5502077
215,-0.39472103,-0.607864,-0.91059726,-1.159853,-0.2997464,-0.53026783,-0.8448975,-1.1366863,-0.20697986,-0.44351786,-0.74023604,-1.0307611
216,-0.5582488,-0.8632988,-1.2790861,-1.6387432,-0.43640447,-0.76268685,-1.1906048,-1.6036626,-0.30639222,-0.64458376,-1.0607902,-1.4723741
217,-0.6880542,-1.0645107,-1.5691912,-2.014352,-0.5471367,-0.9482676,-1.4636858,-1.9731628,-0.38786662,-0.80629957,-1.3175107,-1.8231432
218,-0.8666171,-1.3397726,-1.9660696,-2.526189,-0.702543,-1.2052017,-1.838122,-2.4808903,-0.5033737,-1.0316474,-1.6740905,-2.3060756
219,-0.8911449,-1.3774868,-2.0204582,-2.5961585,-0.72415394,-1.2406446,-1.8894874,-2.5506446,-0.5195315,-1.0628501,-1.7233832,-2.3724546
220,-0.7183989,-1.1113983,-1.6367873,-2.1016912,-0.5732995,-0.99179184,-1.5273991,-2.0594683,-0.4072248,-0.8443633,-1.377825,-1.9051719
221,-0.097210534,-0.13510062,-0.22677188,-0.2665512,-0.059563182,-0.11088451,-0.2086547,-0.27842,-0.036159117,-0.085717335,-0.16411383,-0.2279301
222,0.68164545,1.1674134,1.686743,2.2406812,0.52704763,0.98137456,1.5214723,2.0650082,0.348693,0.8082123,1.3313679,1.8765392
223,1.213013,2.0898829,3.060095,4.0358553,0.9138106,1.7384119,2.7404013,3.7219386,0.57686955,1.4043117,2.368835,3.3263218
224,1.831911,3.1746879,4.676044,6.148491,1.3629854,2.634514,4.176791,5.664461,0.82545805,2.1005328,3.5991259,5.030999
225,2.1784155,3.7828653,5.579837,7.330495,1.6151677,3.1410923,4.9853363,6.7489223,0.96061057,2.4932373,4.2960577,5.989761
226,2.3041184,4.003272,5.906756,7.7580714,1.7069193,3.3254383,5.279173,7.1409397,1.0094569,2.6364079,4.550016,6.337797
227,2.2527936,3.9133015,5.773353,7.583592,1.6694363,3.2501402,5.159168,6.9809856,0.98951125,2.577901,4.4462585,6.195691
228,1.7745547,3.0739918,4.5262012,5.952544,1.3213205,2.5509398,4.0431886,5.4845443,0.802916,2.0357714,3.484261,4.872485
229,1.0349936,1.7793632,2.5973055,3.4310215,0.78454536,1.4833751,2.330035,3.1644654,0.50240874,1.2047336,2.0191574,2.838966
230,0.65590256,1.1231408,1.6210142,2.1546988,0.5082133,0.94502294,1.4629519,1.985438,0.33714095,0.7792588,1.2815895,1.8066537
231,0.039951686,0.08744739,0.09670542,0.15738994,0.04751949,0.08131451,0.0889936,0.12328286,0.03791838,0.075670205,0.099248074,0.14199276
232,-0.30080017,-0.4598747,-0.6968751,-0.88123626,-0.22274265,-0.39743617,-0.64519966,-0.8672198,-0.15160725,-0.32943726,-0.5574671,-0.7772594
233,-0.60487187,-0.9356933,-1.3834721,-1.7740384,-0.47595534,-0.8292359,-1.288795,-1.7364453,-0.33540222,-0.70246154,-1.1527617,-1.5983475
234,-0.80919933,-1.2514049,-1.8386481,-2.362104,-0.6521975,-1.1223774,-1.717827,-2.317626,-0.465816,-0.9588344,-1.5589936,-2.1507347
235,-1.0146924,-1.5672289,-2.2941735,-2.9476995,-0.8339102,-1.4197289,-2.1481102,-2.9022102,-0.60189164,-1.2208693,-1.9727907,-2.7070117
236,-1.2813021,-1.9763693,-2.884967,-3.7037523,-1.0752623,-1.8091824,-2.7065768,-3.6632223,-0.78444046,-1.5661416,-2.51695,-3.4303305
237,-1.3903403,-2.1440024,-3.12731,-4.013178,-1.1753674,-1.9695407,-2.9355724,-3.9757953,-0.86053383,-1.7086811,-2.7415106,-3.726861
238,-1.3801813,-2.1283686,-3.1046999,-3.9843183,-1.166016,-1.9545761,-2.9142134,-3.9466348,-0.8534216,-1.6953778,-2.7205493,-3.6992123
239,-1.3255941,-2.044422,-2.9833248,-3.829365,-1.1158502,-1.8742503,-2.7995324,-3.7900836,-0.81527895,-1.623971,-2.60805,-3.5507224
240,-1.283075,-1.9790913,-2.888897,-3.7087712,-1.0768886,-1.8117832,-2.7102926,-3.6682997,-0.7856795,-1.5684589,-2.520598,-3.4351444
241,-1.40159,-2.161317,-3.1523492,-4.045136,-1.1857327,-1.9861162,-2.9592264,-4.0080967,-0.86842245,-1.7234236,-2.7647374,-3.7574804
242,-1.4770654,-2.277623,-3.3206062,-4.259867,-1.2553872,-2.09747,-3.1181188,-4.225081,-0.9214328,-1.8224328,-2.9207726,-3.9630756
243,-1.3351182,-2.0590618,-3.004487,-3.856386,-1.1245937,-1.8882546,-2.8195307,-3.8173823,-0.821926,-1.6364212,-2.627663,-3.57662
244,-1.1193691,-1.7278382,-2.5259771,-3.244727,-0.9280039,-1.5721579,-2.3672264,-3.2005367,-0.6728665,-1.3557978,-2.1855257,-2.9907424
245,-0.7820356,-1.2095659,-1.778318,-2.284339,-0.6284997,-1.0832529,-1.6608896,-2.2404084,-0.44818786,-0.92450047,-1.5046873,-2.0772493
246,-0.4703669,-0.7263473,-1.0815668,-1.3822912,-0.36255735,-0.6375917,-1.0050992,-1.3529946,-0.2525043,-0.53614736,-0.8881361,-1.2350014
247,0.07409734,0.1433132,0.17809823,0.26414758,0.073851526,0.12910385,0.16354322,0.22395891,0.05589203,0.115524724,0.16467716,0.23412207
248,0.7341827,1.2579136,1.8211836,2.4164968,0.5654591,1.055654,1.6410781,2.2276387,0.37213024,0.86727095,1.4331008,2.0192242
249,1.1223598,1.9316235,2.8242135,3.7275686,0.84800327,1.6083694,2.5312335,3.4378824,0.539159,1.3026656,2.1905127,3.077952
250,1.7660774,3.0591123,4.504062,5.9235897,1.3151622,2.5385976,4.023456,5.4579606,0.7995723,2.026203,3.4673002,4.849074
251,2.3615286,4.1038675,6.0558314,7.9530497,1.7488834,3.4097064,5.413452,7.3196673,1.0317832,2.7019393,4.6661773,6.496738
252,2.3985946,4.16879,6.1519895,8.078819,1.7760001,3.4641333,5.500171,7.4349422,1.0462143,2.7443004,4.7412305,6.5993414
253,1.9510165,3.3837922,4.987027,6.5551877,1.4495733,2.8083348,4.454448,6.037742,0.87208855,2.2352276,3.8381245,5.360361
254,1.2360815,2.1301873,3.1201613,4.114364,0.93055856,1.7715565,2.7936769,3.794244,0.58641386,1.4301908,2.414295,3.3895712
255,0.47528648,0.8142795,1.1634634,1.5558795,0.37543178,0.6907588,1.0544398,1.4304341,0.25422046,0.57545394,0.93346745,1.3173251
256,0.07879685,0.15104747,0.18939452,0.2789471,0.07746076,0.13567285,0.17384864,0.2378847,0.058351662,0.12098862,0.17368242,0.24676841
257,-0.18001573,-0.26791465,-0.41923743,-0.518477,-0.12531659,-0.22722603,-0.38687995,-0.51880383,-0.08233901,-0.18425101,-0.32368258,-0.45133567
258,0.051537007,0.10637141,0.12426271,0.19353642,0.056470044,0.0975337,0.11425852,0.1573954,0.044038158,0.089210674,0.12145166,0.17325938
259,-0.05148991,-0.061264746,-0.11958979,-0.12614323,-0.023625718,-0.046762165,-0.10977335,-0.145011,-0.011132729,-0.031678762,-0.076214336,-0.10462189
260,-0.51787645,-0.8004565,-1.1884608,-1.5211486,-0.40236887,-0.70517105,-1.1054497,-1.4885603,-0.28150594,-0.5946659,-0.9813631,-1.3633261
261,-1.0803498,-1.6679754,-2.439568,-3.134071,-0.89281714,-1.5152675,-2.2855408,-3.0892708,-0.646287,-1.3053944,-2.1060772,-2.8849494
262,-1.2154909,-1.8753258,-2.738973,-3.5171945,-1.0151889,-1.7126838,-2.5685794,-3.4749827,-0.73886067,-1.4804401,-2.3819346,-3.2515743
263,-1.0395036,-1.6053052,-2.3491147,-3.018153,-0.8561269,-1.4557985,-2.2000391,-2.972879,-0.61862475,-1.2527696,-2.0231013,-2.7742336
264,-0.9817995,-1.516742,-2.2213256,-2.8542309,-0.80454737,-1.3719579,-2.079263,-2.8085675,-0.5798135,-1.1786652,-1.9062103,-2.6179018
265,-1.2409344,-1.9143817,-2.7953937,-3.589308,-1.0383824,-1.7499636,-2.621913,-3.5477254,-0.75645185,-1.5135438,-2.4340868,-3.3206637
266,-1.393363,-2.1486537,-3.1340337,-4.0217595,-1.1781548,-1.9739939,-2.9419258,-3.9844742,-0.8626576,-1.7126453,-2.7477546,-3.7350864
267,-0.89126354,-1.377672,-2.0207217,-2.5964983,-0.7242584,-1.2408115,-1.8897347,-2.5509858,-0.51961267,-1.0630013,-1.7236222,-2.3727694
268,-0.20789705,-0.3124368,-0.4836928,-0.6027639,-0.1476347,-0.26644632,-0.44670123,-0.59949386,-0.0981259,-0.2175969,-0.37752908,-0.52653414
269,0.16985887,0.30115566,0.40864518,0.56653655,0.1470325,0.26303753,0.37378296,0.5081062,0.10531725,0.22658893,0.34803182,0.49243176
270,0.4701532,0.80555016,1.1505563,1.5389918,0.37163177,0.6835503,1.0428861,1.4147555,0.25180113,0.56963706,0.9235941,1.3034596
271,0.65784127,1.1264787,1.6259708,2.1611884,0.5096264,0.9477598,1.4673643,1.9914447,0.33800265,0.7814345,1.2853357,1.8119272
272,0.8068724,1.3834456,2.0078244,2.6605248,0.6185147,1.158632,1.8069527,2.453212,0.40419585,0.94890094,1.5741578,2.216873
273,0.96400446,1.6558862,2.413368,3.1906226,0.7329342,1.3820659,2.1668973,2.9426963,0.47220102,1.1251476,1.8803027,2.6450896
274,1.2326502,2.1241949,3.1112373,4.1026983,0.9280645,1.7666266,2.7857583,3.7835042,0.5849891,1.4263381,2.4075322,3.3801699
275,1.6968518,2.9375978,4.3231797,5.687062,1.2648941,2.437873,3.8623345,5.2407165,0.7722432,1.9481264,3.3289046,4.6578937
276,1.7903028,3.1016393,4.56735,6.006351,1.3327582,2.5738778,4.0798655,5.533955,0.8091104,2.0535457,3.515784,4.9160023
277,1.2531475,2.160021,3.1646333,4.1724887,0.94294107,1.7960931,2.8331187,3.8477743,0.5934448,1.4493318,2.4479482,3.4363947
278,0.30317023,0.52345,0.7346875,0.9940781,0.24751908,0.44950742,0.66908455,0.9078113,0.17184171,0.37972468,0.6032583,0.8521844
279,-0.3347624,-0.5135001,-0.7743456,-0.98229754,-0.25046495,-0.4454218,-0.71751463,-0.9647782,-0.1714815,-0.370574,-0.6234529,-0.86892605
280,-0.9573701,-1.479229,-2.1672149,-2.7847583,-0.78280306,-1.3365302,-2.0281317,-2.7390327,-0.56347615,-1.147379,-1.8568404,-2.5517519
281,-0.9077612,-1.4030236,-2.057291,-2.6435182,-0.7388284,-1.264679,-1.9242785,-2.5979009,-0.5305119,-1.0840201,-1.7568173,-2.4174345
282,-0.7117152,-1.1010722,-1.6219008,-2.0824616,-0.5675284,-0.9822023,-1.5133668,-2.0404556,-0.4029502,-0.83597165,-1.3645302,-1.8871058
283,-0.56647396,-0.87608635,-1.2975243,-1.6626537,-0.4433619,-0.774415,-1.2079388,-1.6271014,-0.31148952,-0.65477574,-1.0769961,-1.4945918
284,-0.5353773,-0.82772,-1.2277788,-1.572183,-0.41709682,-0.7300878,-1.1423804,-1.538476,-0.29226682,-0.61628,-1.0157686,-1.4105885
285,-0.55011797,-0.8506558,-1.260854,-1.6150957,-0.4295333,-0.75109386,-1.1734649,-1.5804929,-0.30136272,-0.634515,-1.0447779,-1.4504077
286,-0.6877767,-1.064081,-1.5685713,-2.013551,-0.5468982,-0.9478697,-1.4631019,-1.9723724,-0.38769028,-0.80595225,-1.3169599,-1.8223937
287,-0.7169834,-1.1092087,-1.6336312,-2.0976138,-0.5720775,-0.98976254,-1.5244256,-2.055437,-0.40631843,-0.84258634,-1.375009,-1.9013485
288,-1.0118637,-1.5628892,-2.2879083,-2.9396644,-0.83138275,-1.4156162,-2.142189,-2.8941586,-0.5999925,-1.217238,-1.9670624,-2.6993437
289,-1.1943506,-1.8428814,-2.692106,-3.4572747,-0.995956,-1.6817333,-2.5242763,-3.4145763,-0.7242868,-1.452972,-2.3386564,-3.1941822
290,-1.1415751,-1.7619053,-2.5751646,-3.3076842,-0.9480832,-1.6045763,-2.413726,-3.2638922,-0.6880478,-1.3845335,-2.230814,-3.0509741
291,-0.909556,-1.4057858,-2.06127,-2.648636,-0.74041575,-1.2672701,-1.9280363,-2.6030123,-0.5317053,-1.0863096,-1.7604327,-2.4222846
292,-0.396497,-0.61066526,-0.91464216,-1.1651212,-0.30120796,-0.53277695,-0.84867346,-1.1417888,-0.20803788,-0.4456791,-0.74369854,-1.0355437
293,0.37337387,0.64158744,0.90856546,1.2219977,0.2998953,0.54781467,0.8257331,1.1201298,0.20587365,0.45978898,0.7377988,1.0418276
294,0.90494996,1.5533419,2.260666,2.9910388,0.68996394,1.2979602,2.0314205,2.7584808,0.44683385,1.0589292,1.7650467,2.484006
295,1.1673943,2.0102093,2.9413393,3.880646,0.8806995,1.6729274,2.635091,3.5789487,0.55794644,1.3531569,2.2790325,3.2012844
296,1.3012073,2.2440746,3.289924,4.3362474,0.9778117,1.8652545,2.9442556,3.998558,0.61317897,1.5032505,2.5428195,3.5683215
297,1.0288937,1.7687494,2.5814977,3.4103599,0.78010976,1.4746628,2.3160129,3.145413,0.49981937,1.1978924,2.007215,2.822302
298,1.4365824,2.481105,3.643194,4.7980285,1.0760256,2.0605526,3.2577884,4.423502,0.6682435,1.6552495,2.8107984,3.9404614
299,2.1683593,3.765227,5.553658,7.296256,1.6078354,3.1263566,4.9618416,6.717527,0.95670253,2.4818017,4.275766,5.961921
300,2.403972,4.178207,6.1659336,8.097057,1.7799349,3.47203,5.5127535,7.4516582,1.048308,2.7504485,4.7521224,6.614226
301,2.21895,3.8539577,5.6853256,7.4684615,1.6447366,3.20051,5.0800595,6.875428,0.9763624,2.5393598,4.3778896,6.1019855
302,0.93691593,1.6088172,2.3432577,3.0989878,0.7132367,1.3434643,2.104709,2.8581252,0.46060988,1.0947837,1.8274039,2.5711577
303,0.04913358,0.10246617,0.11858716,0.18608071,0.05460965,0.09416303,0.10903572,0.15034953,0.042769503,0.0863936,0.11684743,0.16674875
304,-0.39595374,-0.6097794,-0.91335946,-1.1634487,-0.30077162,-0.5320246,-0.8474972,-1.1401885,-0.2077166,-0.4450308,-0.7426442,-1.0341072
305,-0.6496105,-1.0050273,-1.4834356,-1.9034507,-0.5141418,-0.8932079,-1.3829012,-1.8637843,-0.36350805,-0.75821817,-1.2412636,-1.7192442
306,-0.83132535,-1.2854711,-1.8877679,-2.425384,-0.6715571,-1.1542706,-1.7641922,-2.3805356,-0.48024336,-0.9868542,-1.603297,-2.210589
307,-0.99065316,-1.5303319,-2.240935,-2.8793967,-0.81244063,-1.384811,-2.097795,-2.8337672,-0.58574396,-1.1900153,-1.924118,-2.6418862
308,-1.1067132,-1.7084216,-2.4979491,-3.208843,-0.9165764,-1.5536964,-2.34073,-3.1644385,-0.6642293,-1.3394353,-2.159737,-2.9564247
309,-1.0564713,-1.6313404,-2.3866878,-3.066315,-0.8713513,-1.4804893,-2.2355545,-3.0212204,-0.63009864,-1.2746145,-2.0575476,-2.8202186
310,-0.73459834,-1.1364048,-1.6728389,-2.1482437,-0.5873091,-1.015052,-1.5613931,-2.1055293,-0.41760495,-0.8647237,-1.410071,-1.9489714
311,-0.20838945,-0.313215,-0.48481575,-0.60423326,-0.14803237,-0.2671419,-0.4477502,-0.6009069,-0.098407134,-0.21819016,-0.37848186,-0.5278684
312,-0.24152161,-0.36593503,-0.56108296,-0.7039157,-0.17469478,-0.31380934,-0.51866883,-0.69655377,-0.11733126,-0.25795698,-0.4425623,-0.6172716
313,-0.6709037,-1.0379876,-1.5309533,-1.9649163,-0.5323956,-0.92369115,-1.4276565,-1.9243753,-0.37697735,-0.7848293,-1.2834725,-1.7767859
314,-1.039654,-1.6055361,-2.3494484,-3.0185814,-0.85626227,-1.4560188,-2.200355,-2.9733076,-0.6187261,-1.2529634,-2.0234072,-2.7746427
315,-1.0701692,-1.6523572,-2.41702,-3.1051838,-0.8836612,-1.5004331,-2.264227,-3.0602565,-0.63938373,-1.2922683,-2.0853815,-2.8573449
316,-0.76080734,-1.1768414,-1.731137,-2.2234836,-0.6100361,-1.0527151,-1.6163765,-2.1800551,-0.4344689,-0.8977213,-1.4623111,-2.0198383
317,0.33062106,0.56954956,0.80247957,1.0829661,0.26803547,0.48793575,0.7302365,0.9906716,0.1852197,0.41107553,0.65584296,0.9263438
318,0.74824464,1.2821683,1.8572311,2.4636335,0.5757292,1.0755557,1.6731303,2.271223,0.37836438,0.88306904,1.4603587,2.0574386
319,1.0633799,1.8288075,2.6709888,3.527319,0.805164,1.5239513,2.3953688,3.2532723,0.5143873,1.2365471,2.0747776,2.9165816
320,0.8889448,1.5255775,2.2193289,2.9370058,0.6783164,1.275193,1.9947383,2.7085931,0.4399275,1.0409827,1.7338521,2.440371
321,0.8302013,1.4238046,2.0678642,2.7390132,0.6355242,1.1917324,1.8602769,2.5257294,0.41440383,0.97508353,1.6195039,2.2803624
322,1.2353523,2.1289177,3.1182764,4.1118984,0.9300252,1.7705101,2.7920012,3.7919774,0.586104,1.4293686,2.4128585,3.3875816
323,1.2547884,2.1628916,3.1689157,4.1780853,0.94413,1.7984536,2.836915,3.8529296,0.59411675,1.4511707,2.4511857,3.4409018
324,0.58218235,0.9966945,1.4334723,1.9093326,0.45414853,0.8410825,1.2957709,1.7582185,0.3036791,0.6962158,1.1392645,1.6067578
325,0.2012151,0.35319218,0.48483306,0.66645247,0.17080271,0.30688363,0.4429808,0.6017073,0.121198684,0.26275012,0.40805355,0.57701224
326,0.95871043,1.6466862,2.399665,3.1727154,0.7290819,1.3745189,2.1547425,2.9261703,0.469934,1.1192117,1.8699595,2.6306448
327,1.3311048,2.2963896,3.3678997,4.4381714,0.9995016,1.9083245,3.0134373,4.0923796,0.6254033,1.5368024,2.6019068,3.6504426
328,0.40336633,0.69227785,0.98330986,1.3199167,0.3221851,0.58984935,0.8928939,1.2112138,0.22023521,0.49389172,0.79533917,1.1228547
